日,人数
2025/01/24,154
2025/01/25,266
2025/01/26,346
2025/01/27,522
2025/01/28,625
2025/01/29,784
2025/01/30,931
2025/01/31,1084
2025/02/01,1165
2025/02/02,1222
2025/02/03,1407
2025/02/04,1522
2025/02/05,1612
2025/02/06,1707
2025/02/07,1834
2025/02/08,2874
2025/02/09,3695
2025/02/10,4748
2025/02/11,4949
2025/02/12,5089
2025/02/13,5171
2025/02/14,5224
2025/02/15,5311
2025/02/16,5403
2025/02/17,5430
2025/02/18,5451
2025/02/19,5463
2025/02/20,5473
2025/02/21,5485
2025/02/22,5491
2025/02/23,5502
2025/02/24,5504
2025/02/25,5513